|Title|Artist
0|The Chipmunk Song (Christmas Don't Be Late)|The Chipmunks with David Seville
1|Smoke Gets in Your Eyes|The Platters
2|Stagger Lee|Lloyd Price
3|Venus|Frankie Avalon
4|Come Softly to Me|The Fleetwoods
5|The Happy Organ|"Dave ""Baby"" Cortez"
6|Kansas City|Wilbert Harrison
7|The Battle of New Orleans|Johnny Horton
8|Lonely Boy|Paul Anka
9|A Big Hunk o' Love|Elvis Presley
10|The Three Bells|The Browns
11|Sleep Walk|Santo & Johnny
12|Mack the Knife|Bobby Darin
13|Mr. Blue|The Fleetwoods
14|Mack the Knife|Bobby Darin
15|Heartaches by the Number|Guy Mitchell
16|Why|Frankie Avalon
17|El Paso|Marty Robbins
18|Running Bear|Johnny Preston
19|Teen Angel|Mark Dinning
20|Theme from A Summer Place|Percy Faith
21|Stuck on You|Elvis Presley
22|Cathy's Clown|The Everly Brothers
23|Everybody's Somebody's Fool|Connie Francis
24|Alley Oop|Hollywood Argyles
25|I'm Sorry|Brenda Lee
26|Itsy Bitsy Teenie Weenie Yellow Polkadot Bikini|Brian Hyland
27|It's Now or Never|Elvis Presley
28|The Twist|Chubby Checker
29|My Heart Has a Mind of Its Own|Connie Francis
30|Mr. Custer|Larry Verne
31|Save the Last Dance for Me|The Drifters
32|I Want to Be Wanted|Brenda Lee
33|Save the Last Dance for Me|The Drifters
34|Georgia on My Mind|Ray Charles
35|Stay|Maurice Williams and the Zodiacs
36|Are You Lonesome Tonight?|Elvis Presley
37|Are You Lonesome Tonight?|Elvis Presley
38|Wonderland by Night|Bert Kaempfert
39|Will You Love Me Tomorrow|The Shirelles
40|Calcutta|Lawrence Welk
41|Pony Time|Chubby Checker
42|Surrender|Elvis Presley
43|Blue Moon|The Marcels
44|Runaway|Del Shannon
45|Mother-in-Law|Ernie K-Doe
46|Travelin' Man|Ricky Nelson
47|Running Scared|Roy Orbison
48|Travelin' Man|Ricky Nelson
49|Moody River|Pat Boone
50|Quarter to Three|Gary U.S. Bonds
51|Tossin' and Turnin'|Bobby Lewis
52|Wooden Heart|Joe Dowell
53|Michael|The Highwaymen
54|Take Good Care of My Baby|Bobby Vee
55|Hit the Road Jack|Ray Charles
56|Runaround Sue|Dion
57|Big Bad John|Jimmy Dean
58|Please Mr. Postman|The Marvelettes
59|The Lion Sleeps Tonight|The Tokens
60|The Lion Sleeps Tonight|The Tokens
61|The Twist|Chubby Checker
62|Peppermint Twist|Joey Dee and the Starliters
63|Duke of Earl|Gene Chandler
64|Hey! Baby|Bruce Channel
65|Don't Break the Heart That Loves You|Connie Francis
66|Johnny Angel|Shelley Fabares
67|Good Luck Charm|Elvis Presley
68|Soldier Boy|The Shirelles
69|Stranger on the Shore|Mr. Acker Bilk
70|I Can't Stop Loving You|Ray Charles
71|The Stripper|David Rose
72|Roses Are Red (My Love)|Bobby Vinton
73|Breaking Up Is Hard to Do|Neil Sedaka
74|The Loco-Motion|Little Eva
75|Sheila|Tommy Roe
76|Sherry|The Four Seasons
77|Monster Mash|Bobby 'Boris' Pickett & the Crypt-Kickers
78|He's a Rebel|The Crystals
79|Big Girls Don't Cry|The Four Seasons
80|Telstar|The Tornados
81|Telstar|The Tornados
82|Go Away Little Girl|Steve Lawrence
83|Walk Right In|The Rooftop Singers
84|Hey Paula|Paul & Paula
85|Walk Like a Man|The Four Seasons
86|Our Day Will Come|Ruby & the Romantics
87|He's So Fine|The Chiffons
88|I Will Follow Him|Little Peggy March
89|If You Wanna Be Happy|Jimmy Soul
90|It's My Party|Lesley Gore
91|Sukiyaki|Kyu Sakamoto
92|Easier Said Than Done|The Essex
93|Surf City|Jan and Dean
94|So Much in Love|The Tymes
95|Fingertips|Little Stevie Wonder
96|My Boyfriend's Back|The Angels
97|Blue Velvet|Bobby Vinton
98|Sugar Shack|Jimmy Gilmer and the Fireballs
99|Deep Purple|Nino Tempo and April Stevens
100|I'm Leaving It Up to You|Dale & Grace
101|Dominique|The Singing Nun
102|There! I've Said It Again|Bobby Vinton
103|I Want to Hold Your Hand|The Beatles
104|She Loves You|[12]
105|Can't Buy Me Love|[14]
106|Hello, Dolly!|Louis Armstrong
107|My Guy|Mary Wells
108|Love Me Do|The Beatles
109|Chapel of Love|The Dixie Cups
110|A World Without Love|Peter and Gordon
111|I Get Around|The Beach Boys
112|Rag Doll|The Four Seasons
113|A Hard Day's Night|The Beatles
114|Everybody Loves Somebody|Dean Martin
115|Where Did Our Love Go|The Supremes
116|The House of the Rising Sun|The Animals
117|Oh, Pretty Woman|Roy Orbison
118|Do Wah Diddy Diddy|Manfred Mann
119|Baby Love|The Supremes
120|Leader of the Pack|The Shangri-Las
121|Ringo|Lorne Greene
122|Mr. Lonely|Bobby Vinton
123|Come See About Me|The Supremes
124|I Feel Fine|The Beatles
125|I Feel Fine|The Beatles
126|Come See About Me|The Supremes
127|Downtown|Petula Clark
128|You've Lost That Lovin' Feelin'|The Righteous Brothers
129|This Diamond Ring|Gary Lewis & the Playboys
130|My Girl|The Temptations
131|Eight Days a Week|The Beatles
132|Stop! In the Name of Love|The Supremes
133|I'm Telling You Now|Freddie and the Dreamers
134|Game of Love|Wayne Fontana and the Mindbenders
135|Mrs. Brown, You've Got a Lovely Daughter|Herman's Hermits
136|Ticket to Ride|The Beatles
137|Help Me, Rhonda|The Beach Boys
138|Back in My Arms Again|The Supremes
139|I Can't Help Myself (Sugar Pie Honey Bunch)|Four Tops
140|Mr. Tambourine Man|The Byrds
141|I Can't Help Myself (Sugar Pie Honey Bunch)|Four Tops
142|(I Can't Get No) Satisfaction|The Rolling Stones
143|I'm Henry VIII, I Am|Herman's Hermits
144|I Got You Babe|Sonny & Cher
145|Help!|The Beatles
146|Eve of Destruction|Barry McGuire
147|Hang On Sloopy|The McCoys
148|Yesterday|The Beatles
149|Get Off of My Cloud|The Rolling Stones
150|I Hear a Symphony|The Supremes
151|Turn! Turn! Turn! (To Everything There Is a Season)|The Byrds
152|Over and Over|The Dave Clark Five
153|The Sound of Silence|Simon & Garfunkel
154|We Can Work It Out|The Beatles
155|The Sound of Silence|Simon & Garfunkel
156|We Can Work It Out|The Beatles
157|My Love|Petula Clark
158|Lightnin' Strikes|Lou Christie
159|These Boots Are Made for Walkin'|Nancy Sinatra
160|The Ballad of the Green Berets|SSgt Barry Sadler
161|(You're My) Soul and Inspiration|The Righteous Brothers
162|Good Lovin'|The Young Rascals
163|Monday, Monday|The Mamas & the Papas
164|When a Man Loves a Woman|Percy Sledge
165|Paint It Black|The Rolling Stones
166|Paperback Writer|The Beatles
167|Strangers in the Night|Frank Sinatra
168|Paperback Writer|The Beatles
169|Hanky Panky|Tommy James and the Shondells
170|Wild Thing|The Troggs
171|Summer in the City|The Lovin' Spoonful
172|Sunshine Superman|Donovan
173|You Can't Hurry Love|The Supremes
174|Cherish|The Association
175|Reach Out I'll Be There|Four Tops
176|96 Tears|? and the Mysterians
177|Last Train to Clarksville|The Monkees
178|Poor Side of Town|Johnny Rivers
179|You Keep Me Hangin' On|The Supremes
180|Winchester Cathedral|The New Vaudeville Band
181|Good Vibrations|The Beach Boys
182|Winchester Cathedral|The New Vaudeville Band
183|I'm a Believer|The Monkees
184|I'm a Believer|The Monkees
185|Kind of a Drag|The Buckinghams
186|Ruby Tuesday|The Rolling Stones
187|Love Is Here and Now You're Gone|The Supremes
188|Penny Lane|The Beatles
189|Happy Together|The Turtles
190|Somethin' Stupid|Nancy Sinatra and Frank Sinatra
191|The Happening|The Supremes
192|Groovin'|The Young Rascals
193|Respect|Aretha Franklin
194|Groovin'|The Young Rascals
195|Windy|The Association
196|Light My Fire|The Doors
197|All You Need Is Love|The Beatles
198|Ode to Billie Joe|Bobbie Gentry
199|The Letter|The Box Tops
200|To Sir With Love|Lulu
201|Incense and Peppermints|Strawberry Alarm Clock
202|Daydream Believer|The Monkees
203|Hello, Goodbye|The Beatles
204|Hello, Goodbye|The Beatles
205|Judy in Disguise (With Glasses)|John Fred and His Playboy Band
206|Green Tambourine|The Lemon Pipers
207|Love is Blue|Paul Mauriat
208|(Sittin' On) The Dock of the Bay|Otis Redding
209|Honey|Bobby Goldsboro
210|Tighten Up|Archie Bell & the Drells
211|Mrs. Robinson|Simon & Garfunkel
212|This Guy's in Love with You|Herb Alpert
213|Grazing in the Grass|Hugh Masekela
214|Hello, I Love You|The Doors
215|People Got to Be Free|The Rascals
216|Harper Valley PTA|Jeannie C. Riley
217|Hey Jude|The Beatles
218|Love Child|Diana Ross & the Supremes
219|I Heard It Through the Grapevine|Marvin Gaye
220|I Heard It Through the Grapevine|Marvin Gaye
221|Crimson and Clover|Tommy James and the Shondells
222|Everyday People|Sly & the Family Stone
223|Dizzy|Tommy Roe
224|Aquarius/Let the Sunshine In|The 5th Dimension
225|Get Back|The Beatles with Billy Preston
226|Love Theme from Romeo and Juliet|Henry Mancini
227|In the Year 2525|Zager and Evans
228|Honky Tonk Women|The Rolling Stones
229|Sugar, Sugar|The Archies
230|I Can't Get Next to You|The Temptations
231|Suspicious Minds|Elvis Presley
232|Wedding Bell Blues|The 5th Dimension
233|Come Together / Something|The Beatles
234|Na Na Hey Hey Kiss Him Goodbye|Steam
235|Leaving on a Jet Plane|Peter, Paul and Mary
236|Someday We'll Be Together|Diana Ross & the Supremes
237|Raindrops Keep Fallin' on My Head|B. J. Thomas
238|I Want You Back|The Jackson 5
239|Venus|Shocking Blue
240|Thank You (Falettinme Be Mice Elf Agin) / Everybody Is a Star|Sly & the Family Stone
241|Bridge over Troubled Water|Simon & Garfunkel
242|Let It Be|The Beatles
243|ABC|The Jackson 5
244|American Woman / No Sugar Tonight|The Guess Who
245|Everything Is Beautiful|Ray Stevens
246|The Long and Winding Road / For You Blue|The Beatles
247|The Love You Save|The Jackson 5
248|Mama Told Me (Not to Come)|Three Dog Night
249|(They Long to Be) Close to You|The Carpenters
250|Make It with You|Bread
251|War|Edwin Starr
252|Ain't No Mountain High Enough|Diana Ross
253|Cracklin' Rosie|Neil Diamond
254|I'll Be There|The Jackson 5
255|I Think I Love You|The Partridge Family
256|The Tears of a Clown|Smokey Robinson & the Miracles
257|My Sweet Lord / Isn't It a Pity|George Harrison
258|My Sweet Lord / Isn't It a Pity|George Harrison
259|Knock Three Times|Dawn
260|One Bad Apple|The Osmonds
261|Me and Bobby McGee|Janis Joplin
262|Just My Imagination (Running Away with Me)|The Temptations
263|Joy to the World|Three Dog Night
264|Brown Sugar|The Rolling Stones
265|Want Ads|Honey Cone
266|It's Too Late / I Feel the Earth Move|Carole King
267|Indian Reservation (The Lament of the Cherokee Reservation Indian)|The Raiders
268|You've Got a Friend|James Taylor
269|How Can You Mend a Broken Heart|Bee Gees
270|Uncle Albert/Admiral Halsey|Paul & Linda McCartney
271|Go Away Little Girl|Donny Osmond
272|Maggie May / Reason to Believe|Rod Stewart
273|Gypsys, Tramps & Thieves|Cher
274|Theme from Shaft|Isaac Hayes
275|Family Affair|Sly and the Family Stone
276|Brand New Key|Melanie
277|Brand New Key|Melanie
278|American Pie|Don McLean
279|Let's Stay Together|Al Green
280|Without You|Nilsson
281|Heart of Gold|Neil Young
282|A Horse with No Name|America
283|The First Time Ever I Saw Your Face|Roberta Flack
284|Oh Girl|The Chi-Lites
285|I'll Take You There|The Staple Singers
286|The Candy Man|Sammy Davis Jr.
287|Song Sung Blue|Neil Diamond
288|Lean on Me|Bill Withers
289|Alone Again (Naturally)|Gilbert O'Sullivan
290|Brandy (You're a Fine Girl)|Looking Glass
291|Alone Again (Naturally)|Gilbert O'Sullivan
292|Black and White|Three Dog Night
293|Baby, Don't Get Hooked on Me|Mac Davis
294|Ben|Michael Jackson
295|My Ding-a-Ling|Chuck Berry
296|I Can See Clearly Now|Johnny Nash
297|Papa Was a Rollin' Stone|The Temptations
298|I Am Woman|Helen Reddy
299|Me and Mrs. Jones|Billy Paul
300|You're So Vain|Carly Simon
301|Superstition|Stevie Wonder
302|Crocodile Rock|Elton John
303|Killing Me Softly with His Song|Roberta Flack
304|Love Train|The O'Jays
305|Killing Me Softly with His Song|Roberta Flack
306|The Night the Lights Went Out in Georgia|Vicki Lawrence
307|Tie a Yellow Ribbon Round the Ole Oak Tree|Dawn featuring Tony Orlando
308|You Are the Sunshine of My Life|Stevie Wonder
309|Frankenstein|The Edgar Winter Group
310|My Love|Paul McCartney & Wings
311|Give Me Love (Give Me Peace on Earth)|George Harrison
312|Will It Go Round in Circles|Billy Preston
313|Bad, Bad Leroy Brown|Jim Croce
314|The Morning After|Maureen McGovern
315|Touch Me in the Morning|Diana Ross
316|Brother Louie|Stories
317|Let's Get It On|Marvin Gaye
318|Delta Dawn|Helen Reddy
319|Let's Get It On|Marvin Gaye
320|We're an American Band|Grand Funk
321|Half-Breed|Cher
322|Angie|The Rolling Stones
323|Midnight Train to Georgia|Gladys Knight & the Pips
324|Keep on Truckin'|Eddie Kendricks
325|Photograph|Ringo Starr
326|Top of the World|The Carpenters
327|The Most Beautiful Girl|Charlie Rich
328|Time in a Bottle|Jim Croce
329|Time in a Bottle|Jim Croce
330|The Joker|Steve Miller Band
331|Show and Tell|Al Wilson
332|You're Sixteen|Ringo Starr
333|The Way We Were|Barbra Streisand
334|Love's Theme|Love Unlimited Orchestra
335|The Way We Were|Barbra Streisand
336|Seasons in the Sun|Terry Jacks
337|Dark Lady|Cher
338|Sunshine on My Shoulders|John Denver
339|Hooked on a Feeling|Blue Swede
340|Bennie and the Jets|Elton John
341|TSOP (The Sound of Philadelphia)|MFSB and The Three Degrees
342|The Loco-Motion|Grand Funk
343|The Streak|Ray Stevens
344|Band on the Run|Paul McCartney & Wings
345|Billy Don't Be a Hero|Bo Donaldson and The Heywoods
346|Sundown|Gordon Lightfoot
347|Rock the Boat|The Hues Corporation
348|Rock Your Baby|George McCrae
349|Annie's Song|John Denver
350|Feel Like Makin' Love|Roberta Flack
351|The Night Chicago Died|Paper Lace
352|(You're) Having My Baby|Paul Anka and Odia Coates
353|I Shot the Sheriff|Eric Clapton
354|Can't Get Enough of Your Love, Babe|Barry White
355|Rock Me Gently|Andy Kim
356|I Honestly Love You|Olivia Newton-John
357|Nothing From Nothing|Billy Preston
358|Then Came You|Dionne Warwick and The Spinners
359|You Haven't Done Nothin'|Stevie Wonder
360|You Ain't Seen Nothing Yet|Bachman–Turner Overdrive
361|Whatever Gets You thru the Night|John Lennon
362|I Can Help|Billy Swan
363|Kung Fu Fighting|Carl Douglas
364|Cat's in the Cradle|Harry Chapin
365|Angie Baby|Helen Reddy
366|Lucy in the Sky with Diamonds|Elton John
367|Mandy|Barry Manilow
368|Please Mr. Postman|The Carpenters
369|Laughter in the Rain|Neil Sedaka
370|Fire|Ohio Players
371|You're No Good|Linda Ronstadt
372|Pick Up the Pieces|Average White Band
373|Best of My Love|Eagles
374|Have You Never Been Mellow|Olivia Newton-John
375|Black Water|The Doobie Brothers
376|My Eyes Adored You|Frankie Valli
377|Lady Marmalade|Labelle
378|Lovin' You|Minnie Riperton
379|Philadelphia Freedom|Elton John Band
380|(Hey Won't You Play) Another Somebody Done Somebody Wrong Song|B. J. Thomas
381|He Don't Love You (Like I Love You)|Tony Orlando and Dawn
382|Shining Star|Earth, Wind & Fire
383|Before the Next Teardrop Falls|Freddy Fender
384|Thank God I'm a Country Boy|John Denver
385|Sister Golden Hair|America
386|Love Will Keep Us Together|Captain & Tennille
387|Listen to What the Man Said|Wings
388|The Hustle|Van McCoy and the Soul City Symphony
389|One of These Nights|Eagles
390|Jive Talkin'|Bee Gees
391|Fallin' in Love|Hamilton, Joe Frank & Reynolds
392|Get Down Tonight|KC and the Sunshine Band
393|Rhinestone Cowboy|Glen Campbell
394|Fame|David Bowie
395|I'm Sorry|John Denver
396|Fame|David Bowie
397|Bad Blood|Neil Sedaka
398|Island Girl|Elton John
399|That's the Way (I Like It)|KC and the Sunshine Band
400|Fly, Robin, Fly|Silver Convention
401|That's the Way (I Like It)|KC and the Sunshine Band
402|Let's Do It Again|The Staple Singers
403|Saturday Night|Bay City Rollers
404|Convoy|C. W. McCall
405|I Write the Songs|Barry Manilow
406|Theme from Mahogany (Do You Know Where You're Going To)|Diana Ross
407|Love Rollercoaster|Ohio Players
408|50 Ways to Leave Your Lover|Paul Simon
409|Theme from S.W.A.T.|Rhythm Heritage
410|Love Machine|The Miracles
411|December, 1963 (Oh, What a Night)|The Four Seasons
412|Disco Lady|Johnnie Taylor
413|Let Your Love Flow|The Bellamy Brothers
414|Welcome Back|John Sebastian
415|Boogie Fever|The Sylvers
416|Silly Love Songs|Wings
417|Love Hangover|Diana Ross
418|Silly Love Songs|Wings
419|Afternoon Delight|Starland Vocal Band
420|Kiss and Say Goodbye|The Manhattans
421|Don't Go Breaking My Heart|Elton John and Kiki Dee
422|You Should Be Dancing|Bee Gees
423|(Shake, Shake, Shake) Shake Your Booty|KC and the Sunshine Band
424|Play That Funky Music|Wild Cherry
425|A Fifth of Beethoven|Walter Murphy and the Big Apple Band
426|Disco Duck|Rick Dees and His Cast of Idiots
427|If You Leave Me Now|Chicago
428|Rock'n Me|Steve Miller Band
429|Tonight's the Night (Gonna Be Alright)|Rod Stewart
430|Tonight's the Night (Gonna Be Alright)|Rod Stewart
431|You Don't Have to Be a Star (To Be in My Show)|Marilyn McCoo and Billy Davis Jr.
432|You Make Me Feel Like Dancing|Leo Sayer
433|I Wish|Stevie Wonder
434|Car Wash|Rose Royce
435|Torn Between Two Lovers|Mary MacGregor
436|Blinded by the Light|Manfred Mann's Earth Band
437|New Kid in Town|Eagles
438|Evergreen (Love Theme from A Star Is Born)|Barbra Streisand
439|Rich Girl|Daryl Hall and John Oates
440|Dancing Queen|ABBA
441|Don't Give Up on Us|David Soul
442|Don't Leave Me This Way|Thelma Houston
443|Southern Nights|Glen Campbell
444|Hotel California|Eagles
445|When I Need You|Leo Sayer
446|Sir Duke|Stevie Wonder
447|I'm Your Boogie Man|KC and the Sunshine Band
448|Dreams|Fleetwood Mac
449|Got to Give It Up|Marvin Gaye
450|Gonna Fly Now (Theme From Rocky)|Bill Conti
451|Undercover Angel|Alan O'Day
452|Da Doo Ron Ron|Shaun Cassidy
453|Looks Like We Made It|Barry Manilow
454|I Just Want to Be Your Everything|Andy Gibb
455|Best of My Love|The Emotions
456|I Just Want to Be Your Everything|Andy Gibb
457|Best of My Love|The Emotions
458|Star Wars Theme/Cantina Band|Meco
459|You Light Up My Life|Debby Boone
460|How Deep Is Your Love|Bee Gees
461|How Deep Is Your Love|Bee Gees
462|Baby Come Back|Player
463|Stayin' Alive|Bee Gees
464|(Love Is) Thicker Than Water|Andy Gibb
465|Night Fever|Bee Gees
466|If I Can't Have You|Yvonne Elliman
467|With a Little Luck|Wings
468|Too Much, Too Little, Too Late|Johnny Mathis and Deniece Williams
469|You're the One That I Want|John Travolta and Olivia Newton-John
470|Shadow Dancing|Andy Gibb
471|Miss You|The Rolling Stones
472|Three Times a Lady|Commodores
473|Grease|Frankie Valli
474|Boogie Oogie Oogie|A Taste of Honey
475|Kiss You All Over|Exile
476|Hot Child in the City|Nick Gilder
477|You Needed Me|Anne Murray
478|MacArthur Park|Donna Summer
479|You Don't Bring Me Flowers|Barbra Streisand and Neil Diamond
480|Le Freak|Chic
481|You Don't Bring Me Flowers|Barbra Streisand and Neil Diamond
482|Le Freak|Chic
483|Too Much Heaven|Bee Gees
484|Le Freak|Chic
485|Da Ya Think I'm Sexy?|Rod Stewart
486|I Will Survive|Gloria Gaynor
487|Tragedy|Bee Gees
488|I Will Survive|Gloria Gaynor
489|What a Fool Believes|The Doobie Brothers
490|Knock on Wood|Amii Stewart
491|Heart of Glass|Blondie
492|Reunited|Peaches & Herb
493|Hot Stuff|Donna Summer
494|Love You Inside Out|Bee Gees
495|Hot Stuff|Donna Summer
496|Ring My Bell|Anita Ward
497|Bad Girls|Donna Summer
498|Good Times|Chic
499|My Sharona|The Knack
500|Sad Eyes|Robert John
501|Don't Stop 'Til You Get Enough|Michael Jackson
502|Rise|Herb Alpert
503|Pop Muzik|M
504|Heartache Tonight|Eagles
505|Still|Commodores
506|No More Tears (Enough Is Enough)|Barbra Streisand and Donna Summer
507|Babe|Styx
508|Escape (The Piña Colada Song)|Rupert Holmes
509|Please Don't Go|KC and the Sunshine Band
510|Escape (The Piña Colada Song)|Rupert Holmes
511|Rock with You|Michael Jackson
512|Do That to Me One More Time|Captain & Tennille
513|Crazy Little Thing Called Love|Queen
514|Another Brick in the Wall, Part II|Pink Floyd
515|Call Me|Blondie
516|Funkytown|Lipps Inc.
517|Coming Up|Paul McCartney
518|It's Still Rock and Roll to Me|Billy Joel
519|Magic|Olivia Newton-John
520|Sailing|Christopher Cross
521|Upside Down|Diana Ross
522|Another One Bites the Dust|Queen
523|Woman in Love|Barbra Streisand
524|Lady|Kenny Rogers
525|(Just Like) Starting Over|John Lennon
526|(Just Like) Starting Over|John Lennon
527|The Tide Is High|Blondie
528|Celebration|Kool & the Gang
529|9 to 5|Dolly Parton
530|I Love a Rainy Night|Eddie Rabbitt
531|9 to 5|Dolly Parton
532|Keep On Loving You|REO Speedwagon
533|Rapture|Blondie
534|Kiss on My List|Daryl Hall and John Oates
535|Morning Train (Nine to Five)|Sheena Easton
536|Bette Davis Eyes|Kim Carnes
537|Stars on 45|Stars on 45
538|Bette Davis Eyes|Kim Carnes
539|The One That You Love|Air Supply
540|Jessie's Girl|Rick Springfield
541|Endless Love|Diana Ross and Lionel Richie
542|Arthur's Theme (Best That You Can Do)|Christopher Cross
543|Private Eyes|Daryl Hall and John Oates
544|Physical|Olivia Newton-John
545|Physical|Olivia Newton-John
546|I Can't Go for That (No Can Do)|Daryl Hall and John Oates
547|Centerfold|The J. Geils Band
548|I Love Rock 'n' Roll|Joan Jett and the Blackhearts
549|Chariots of Fire|Vangelis
550|Ebony and Ivory|Paul McCartney and Stevie Wonder
551|Don't You Want Me|The Human League
552|Eye of the Tiger|Survivor
553|Abracadabra|Steve Miller Band
554|Hard to Say I'm Sorry|Chicago
555|Abracadabra|Steve Miller Band
556|Jack & Diane|John Cougar
557|Who Can It Be Now?|Men at Work
558|Up Where We Belong|Joe Cocker and Jennifer Warnes
559|Truly|Lionel Richie
560|Mickey|Toni Basil
561|Maneater|Daryl Hall and John Oates
562|Maneater|Daryl Hall and John Oates
563|Down Under|Men at Work
564|Africa|Toto
565|Down Under|Men at Work
566|Baby, Come to Me|Patti Austin and James Ingram
567|Billie Jean|Michael Jackson
568|Come On Eileen|Dexys Midnight Runners
569|Beat It|Michael Jackson
570|Let's Dance|David Bowie
571|Flashdance... What a Feeling|Irene Cara
572|Every Breath You Take|The Police
573|Sweet Dreams (Are Made of This)|Eurythmics
574|Maniac|Michael Sembello
575|Tell Her About It|Billy Joel
576|Total Eclipse of the Heart|Bonnie Tyler
577|Islands in the Stream|Kenny Rogers and Dolly Parton
578|All Night Long (All Night)|Lionel Richie
579|Say Say Say|Paul McCartney and Michael Jackson
580|Say Say Say|Paul McCartney and Michael Jackson
581|Owner of a Lonely Heart|Yes
582|Karma Chameleon|Culture Club
583|Jump|Van Halen
584|Footloose|Kenny Loggins
585|Against All Odds (Take a Look at Me Now)|Phil Collins
586|Hello|Lionel Richie
587|Let's Hear It for the Boy|Deniece Williams
588|Time After Time|Cyndi Lauper
589|The Reflex|Duran Duran
590|When Doves Cry|Prince
591|Ghostbusters|Ray Parker Jr.
592|What's Love Got to Do with It|Tina Turner
593|Missing You|John Waite
594|Let's Go Crazy|Prince and the Revolution
595|I Just Called to Say I Love You|Stevie Wonder
596|Caribbean Queen (No More Love on the Run)|Billy Ocean
597|Wake Me Up Before You Go-Go|Wham!
598|Out of Touch|Daryl Hall and John Oates
599|Like a Virgin|Madonna
600|Like a Virgin|Madonna
601|I Want to Know What Love Is|Foreigner
602|Careless Whisper|Wham! featuring George Michael
603|Can't Fight This Feeling|REO Speedwagon
604|One More Night|Phil Collins
605|We Are the World|USA for Africa
606|Crazy for You|Madonna
607|Don't You (Forget About Me)|Simple Minds
608|Everything She Wants|Wham!
609|Everybody Wants to Rule the World|Tears for Fears
610|Heaven|Bryan Adams
611|Sussudio|Phil Collins
612|A View to a Kill|Duran Duran
613|Everytime You Go Away|Paul Young
614|Shout|Tears for Fears
615|The Power of Love|Huey Lewis and the News
616|St. Elmo's Fire (Man in Motion)|John Parr
617|Money for Nothing|Dire Straits
618|Oh Sheila|Ready for the World
619|Take On Me|a-ha
620|Saving All My Love for You|Whitney Houston
621|Part-Time Lover|Stevie Wonder
622|Miami Vice Theme|Jan Hammer
623|We Built This City|Starship
624|Separate Lives|Phil Collins and Marilyn Martin
625|Broken Wings|Mr. Mister
626|Say You, Say Me|Lionel Richie
627|Say You, Say Me|Lionel Richie
628|That's What Friends Are For|Dionne and Friends
629|How Will I Know|Whitney Houston
630|Kyrie|Mr. Mister
631|Sara|Starship
632|These Dreams|Heart
633|Rock Me Amadeus|Falco
634|Kiss|Prince and the Revolution
635|Addicted to Love|Robert Palmer
636|West End Girls|Pet Shop Boys
637|Greatest Love of All|Whitney Houston
638|Live to Tell|Madonna
639|On My Own|Patti LaBelle and Michael McDonald
640|There'll Be Sad Songs (To Make You Cry)|Billy Ocean
641|Holding Back the Years|Simply Red
642|Invisible Touch|Genesis
643|Sledgehammer|Peter Gabriel
644|Glory of Love|Peter Cetera
645|Papa Don't Preach|Madonna
646|Higher Love|Steve Winwood
647|Venus|Bananarama
648|Take My Breath Away|Berlin
649|Stuck with You|Huey Lewis and the News
650|When I Think of You|Janet Jackson
651|True Colors|Cyndi Lauper
652|Amanda|Boston
653|Human|The Human League
654|You Give Love a Bad Name|Bon Jovi
655|The Next Time I Fall|Peter Cetera and Amy Grant
656|The Way It Is|Bruce Hornsby & the Range
657|Walk Like an Egyptian|The Bangles
658|Walk Like an Egyptian|The Bangles
659|Shake You Down|Gregory Abbott
660|At This Moment|Billy Vera and the Beaters
661|Open Your Heart|Madonna
662|Livin' on a Prayer|Bon Jovi
663|Jacob's Ladder|Huey Lewis and the News
664|Lean on Me|Club Nouveau
665|Nothing's Gonna Stop Us Now|Starship
666|I Knew You Were Waiting (For Me)|Aretha Franklin and George Michael
667|(I Just) Died in Your Arms|Cutting Crew
668|With or Without You|U2
669|You Keep Me Hangin' On|Kim Wilde
670|Always|Atlantic Starr
671|Head to Toe|Lisa Lisa and Cult Jam
672|I Wanna Dance with Somebody (Who Loves Me)|Whitney Houston
673|Alone|Heart
674|Shakedown|Bob Seger
675|I Still Haven't Found What I'm Looking For|U2
676|Who's That Girl|Madonna
677|La Bamba|Los Lobos
678|I Just Can't Stop Loving You|Michael Jackson with Siedah Garrett
679|Didn't We Almost Have It All|Whitney Houston
680|Here I Go Again|Whitesnake
681|Lost in Emotion|Lisa Lisa and Cult Jam
682|Bad|Michael Jackson
683|I Think We're Alone Now|Tiffany
684|Mony Mony|Billy Idol
685|(I've Had) The Time of My Life|Bill Medley and Jennifer Warnes
686|Heaven Is a Place on Earth|Belinda Carlisle
687|Faith|George Michael
688|Faith|George Michael
689|So Emotional|Whitney Houston
690|Got My Mind Set on You|George Harrison
691|The Way You Make Me Feel|Michael Jackson
692|Need You Tonight|INXS
693|Could've Been|Tiffany
694|Seasons Change|Exposé
695|Father Figure|George Michael
696|Never Gonna Give You Up|Rick Astley
697|Man in the Mirror|Michael Jackson
698|Get Outta My Dreams, Get into My Car|Billy Ocean
699|Where Do Broken Hearts Go|Whitney Houston
700|Wishing Well|Terence Trent D'Arby
701|Anything for You|Gloria Estefan and Miami Sound Machine
702|One More Try|George Michael
703|Together Forever|Rick Astley
704|Foolish Beat|Debbie Gibson
705|Dirty Diana|Michael Jackson
706|The Flame|Cheap Trick
707|Hold On to the Nights|Richard Marx
708|Roll With It|Steve Winwood
709|Monkey|George Michael
710|Sweet Child o' Mine|Guns N' Roses
711|Don't Worry, Be Happy|Bobby McFerrin
712|Love Bites|Def Leppard
713|Red Red Wine|UB40
714|A Groovy Kind of Love|Phil Collins
715|Kokomo|The Beach Boys
716|Wild, Wild West|The Escape Club
717|Bad Medicine|Bon Jovi
718|Baby, I Love Your Way/Freebird Medley|Will to Power
719|Look Away|Chicago
720|Every Rose Has Its Thorn|Poison
721|Every Rose Has Its Thorn|Poison
722|My Prerogative|Bobby Brown
723|Two Hearts|Phil Collins
724|When I'm with You|Sheriff
725|Straight Up|Paula Abdul
726|Lost in Your Eyes|Debbie Gibson
727|The Living Years|Mike + the Mechanics
728|Eternal Flame|The Bangles
729|The Look|Roxette
730|She Drives Me Crazy|Fine Young Cannibals
731|Like a Prayer|Madonna
732|I'll Be There for You|Bon Jovi
733|Forever Your Girl|Paula Abdul
734|Rock On|Michael Damian
735|Wind Beneath My Wings|Bette Midler
736|I'll Be Loving You (Forever)|New Kids on the Block
737|Satisfied|Richard Marx
738|Baby Don't Forget My Number|Milli Vanilli
739|Good Thing|Fine Young Cannibals
740|If You Don't Know Me by Now|Simply Red
741|Toy Soldiers|Martika
742|Batdance|Prince
743|Right Here Waiting|Richard Marx
744|Cold Hearted|Paula Abdul
745|Hangin' Tough|New Kids on the Block
746|Don't Wanna Lose You|Gloria Estefan
747|Girl I'm Gonna Miss You|Milli Vanilli
748|Miss You Much|Janet Jackson
749|Listen to Your Heart|Roxette
750|When I See You Smile|Bad English
751|Blame It on the Rain|Milli Vanilli
752|We Didn't Start the Fire|Billy Joel
753|Another Day in Paradise|Phil Collins
754|Another Day in Paradise|Phil Collins
755|How Am I Supposed to Live Without You|Michael Bolton
756|Opposites Attract|Paula Abdul with The Wild Pair
757|Escapade|Janet Jackson
758|Black Velvet|Alannah Myles
759|Love Will Lead You Back|Taylor Dayne
760|I'll Be Your Everything|Tommy Page
761|Nothing Compares 2 U|Sinéad O'Connor
762|Vogue|Madonna
763|Hold On|Wilson Phillips
764|It Must Have Been Love|Roxette
765|Step by Step|New Kids on the Block
766|She Ain't Worth It|Glenn Medeiros featuring Bobby Brown
767|Vision of Love|Mariah Carey
768|If Wishes Came True|Sweet Sensation
769|Blaze of Glory|Jon Bon Jovi
770|Release Me|Wilson Phillips
771|(Can't Live Without Your) Love and Affection|Nelson
772|Close to You|Maxi Priest
773|Praying for Time|George Michael
774|I Don't Have the Heart|James Ingram
775|Black Cat|Janet Jackson
776|Ice Ice Baby|Vanilla Ice
777|Love Takes Time|Mariah Carey
778|I'm Your Baby Tonight|Whitney Houston
779|Because I Love You (The Postman Song)|Stevie B
780|Justify My Love|Madonna
781|Love Will Never Do (Without You)|Janet Jackson
782|The First Time|Surface
783|Gonna Make You Sweat (Everybody Dance Now)|C+C Music Factory featuring Freedom Williams
784|All the Man That I Need|Whitney Houston
785|Someday|Mariah Carey
786|One More Try|Timmy T
787|Coming Out of the Dark|Gloria Estefan
788|I've Been Thinking About You|Londonbeat
789|You're in Love|Wilson Phillips
790|Baby Baby|Amy Grant
791|Joyride|Roxette
792|I Like the Way (The Kissing Game)|Hi-Five
793|I Don't Wanna Cry|Mariah Carey
794|More Than Words|Extreme
795|Rush Rush|Paula Abdul
796|Unbelievable|EMF
797|(Everything I Do) I Do It for You|Bryan Adams
798|The Promise of a New Day|Paula Abdul
799|I Adore Mi Amor|Color Me Badd
800|Good Vibrations|Marky Mark and the Funky Bunch featuring Loleatta Holloway
801|Emotions|Mariah Carey
802|Romantic|Karyn White
803|Cream|Prince and the New Power Generation
804|When a Man Loves a Woman|Michael Bolton
805|Set Adrift on Memory Bliss|P.M. Dawn
806|Black or White|Michael Jackson
807|Black or White|Michael Jackson
808|All 4 Love|Color Me Badd
809|Don't Let the Sun Go Down on Me|George Michael and Elton John
810|I'm Too Sexy|Right Said Fred
811|To Be with You|Mr. Big
812|Save the Best for Last|Vanessa Williams
813|Jump|Kris Kross
814|I'll Be There|Mariah Carey
815|Baby Got Back|Sir Mix-a-Lot
816|This Used to Be My Playground|Madonna
817|End of the Road|Boyz II Men
818|How Do You Talk to an Angel|The Heights
819|I Will Always Love You|Whitney Houston
820|I Will Always Love You|Whitney Houston
821|A Whole New World|Peabo Bryson and Regina Belle
822|Informer|Snow
823|Freak Me|Silk
824|That's the Way Love Goes|Janet Jackson
825|Weak|SWV
826|Can't Help Falling in Love|UB40
827|Dreamlover|Mariah Carey
828|I'd Do Anything for Love (But I Won't Do That)|Meat Loaf
829|Again|Janet Jackson
830|Hero|Mariah Carey
831|Hero|Mariah Carey
832|All for Love|Bryan Adams / Rod Stewart / Sting
833|The Power of Love|Céline Dion
834|The Sign|Ace of Base
835|Bump n' Grind|R. Kelly
836|The Sign|Ace of Base
837|I Swear|All-4-One
838|Stay (I Missed You)|Lisa Loeb & Nine Stories
839|I'll Make Love to You|Boyz II Men
840|On Bended Knee|[49]
841|Here Comes the Hotstepper|Ini Kamoze
842|On Bended Knee|Boyz II Men
843|On Bended Knee|Boyz II Men
844|Creep|TLC
845|Take a Bow|Madonna
846|This Is How We Do It|Montell Jordan
847|Have You Ever Really Loved a Woman?|Bryan Adams
848|Waterfalls|TLC
849|Kiss from a Rose|Seal
850|You Are Not Alone|Michael Jackson
851|Gangsta's Paradise|Coolio featuring L.V.
852|Fantasy|Mariah Carey
853|Exhale (Shoop Shoop)|Whitney Houston
854|One Sweet Day|Mariah Carey and Boyz II Men
855|One Sweet Day|Mariah Carey and Boyz II Men
856|Because You Loved Me|Céline Dion
857|Always Be My Baby|Mariah Carey
858|Tha Crossroads|Bone Thugs-n-Harmony
859|How Do U Want It / California Love|2Pac featuring K-Ci & JoJo / featuring Dr. Dre and Roger Troutman
860|You're Makin' Me High / Let It Flow|Toni Braxton
861|Macarena (Bayside Boys Mix)|Los del Río
862|No Diggity|Blackstreet featuring Dr. Dre
863|Un-Break My Heart|Toni Braxton
864|Un-Break My Heart|Toni Braxton
865|Wannabe|Spice Girls
866|Can't Nobody Hold Me Down|Puff Daddy featuring Mase
867|Hypnotize|The Notorious B.I.G.
868|MMMBop|Hanson
869|I'll Be Missing You|Puff Daddy and Faith Evans featuring 112
870|Mo Money Mo Problems|The Notorious B.I.G. featuring Puff Daddy and Mase
871|Honey|Mariah Carey
872|4 Seasons of Loneliness|Boyz II Men
873|Candle in the Wind 1997 /Something About the Way You Look Tonight|Elton John
874|Candle in the Wind 1997 / Something About the Way You Look Tonight|Elton John
875|Truly Madly Deeply|Savage Garden
876|Together Again|Janet
877|Nice & Slow|Usher
878|My Heart Will Go On|Céline Dion
879|Gettin' Jiggy wit It”|Will Smith
880|All My Life|K-Ci & JoJo
881|Too Close|Next
882|My All|Mariah Carey
883|Too Close|Next
884|The Boy Is Mine|Brandy and Monica
885|I Don't Want to Miss a Thing|Aerosmith
886|The First Night|Monica
887|One Week|Barenaked Ladies
888|The First Night|Monica
889|Doo Wop (That Thing)|Lauryn Hill
890|Lately|Divine
891|I'm Your Angel|R. Kelly and Céline Dion
892|I'm Your Angel|R. Kelly and Céline Dion
893|Have You Ever?|Brandy
894|...Baby One More Time|Britney Spears
895|Angel of Mine|Monica
896|Believe|Cher
897|No Scrubs|TLC
898|Livin' la Vida Loca|Ricky Martin
899|If You Had My Love|Jennifer Lopez
900|Bills, Bills, Bills|Destiny's Child
901|Wild Wild West|Will Smith featuring Dru Hill and Kool Moe Dee
902|Genie in a Bottle|Christina Aguilera
903|Bailamos|Enrique Iglesias
904|Unpretty|TLC
905|Heartbreaker|Mariah Carey featuring Jay-Z
906|Smooth|Santana featuring Rob Thomas
907|Smooth|Santana featuring Rob Thomas
908|What a Girl Wants|Christina Aguilera
909|I Knew I Loved You|Savage Garden
910|Thank God I Found You|Mariah Carey featuring Joe and 98 Degrees
911|I Knew I Loved You|Savage Garden
912|Amazed|Lonestar
913|Say My Name|Destiny's Child
914|Maria Maria|Santana featuring The Product G&B
915|Try Again|Aaliyah
916|Be with You|Enrique Iglesias
917|Everything You Want|Vertical Horizon
918|Bent|Matchbox Twenty
919|It's Gonna Be Me|NSYNC
920|Incomplete|Sisqó
921|Doesn't Really Matter|Janet
922|Music|Madonna
923|Come On Over Baby (All I Want Is You)|Christina Aguilera
924|With Arms Wide Open|Creed
925|Independent Women|Destiny's Child
926|Independent Women|Destiny's Child
927|It Wasn't Me|"Shaggy featuring Ricardo ""RikRok"" Ducent"
928|Ms. Jackson|OutKast
929|Stutter|Joe featuring Mystikal
930|Butterfly|Crazy Town
931|Angel|Shaggy featuring Rayvon
932|Butterfly|Crazy Town
933|All for You|Janet Jackson
934|Lady Marmalade|Christina Aguilera, Lil' Kim, Mýa and Pink
935|U Remind Me|Usher
936|Bootylicious|Destiny's Child
937|Fallin'|Alicia Keys
938|I'm Real (Murder Remix)|Jennifer Lopez featuring Ja Rule
939|Fallin'|Alicia Keys
940|I'm Real (Murder Remix)|Jennifer Lopez featuring Ja Rule
941|Family Affair|Mary J. Blige
942|U Got It Bad|Usher
943|How You Remind Me|Nickelback
944|How You Remind Me|Nickelback
945|U Got It Bad|Usher
946|Always on Time|Ja Rule featuring Ashanti
947|Ain't It Funny (Murder Remix)|Jennifer Lopez featuring Ja Rule
948|Foolish|Ashanti
949|Hot in Herre|Nelly
950|Dilemma|Nelly featuring Kelly Rowland
951|A Moment Like This|Kelly Clarkson
952|Dilemma|Nelly featuring Kelly Rowland
953|Lose Yourself|Eminem
954|Lose Yourself|Eminem
955|Bump, Bump, Bump|B2K featuring P. Diddy
956|All I Have|Jennifer Lopez featuring LL Cool J
957|In da Club|50 Cent
958|Get Busy|Sean Paul
959|21 Questions|50 Cent featuring Nate Dogg
960|This Is the Night|Clay Aiken
961|Crazy in Love|Beyoncé featuring Jay-Z
962|Shake Ya Tailfeather|Nelly, P. Diddy and Murphy Lee
963|Baby Boy|Beyoncé featuring Sean Paul
964|Stand Up|Ludacris featuring Shawnna
965|Hey Ya!|OutKast
966|Hey Ya!|OutKast
967|The Way You Move|OutKast featuring Sleepy Brown
968|Slow Jamz|Twista featuring Kanye West and Jamie Foxx
969|Yeah!|Usher featuring Lil Jon and Ludacris
970|Burn|Usher
971|I Believe|Fantasia
972|Burn|Usher
973|Confessions Part II|[68][69]
974|Slow Motion|Juvenile featuring Soulja Slim
975|Lean Back|Terror Squad
976|Goodies|Ciara featuring Petey Pablo
977|My Boo|Usher and Alicia Keys
978|Drop It Like It's Hot|Snoop Dogg featuring Pharrell
979|Let Me Love You|Mario
980|Candy Shop|50 Cent featuring Olivia
981|Hollaback Girl|Gwen Stefani
982|We Belong Together|Mariah Carey
983|Inside Your Heaven|Carrie Underwood
984|We Belong Together|Mariah Carey
985|Gold Digger|Kanye West featuring Jamie Foxx
986|Run It!|Chris Brown
987|Don't Forget About Us|Mariah Carey
988|Don't Forget About Us|Mariah Carey
989|Laffy Taffy|D4L
990|Grillz|Nelly featuring Paul Wall, Ali & Gipp
991|Check on It|Beyoncé featuring Slim Thug
992|You're Beautiful|James Blunt
993|So Sick|Ne-Yo
994|Temperature|Sean Paul
995|Bad Day|Daniel Powter
996|SOS|Rihanna
997|Ridin'|Chamillionaire featuring Krayzie Bone
998|Hips Don't Lie|Shakira featuring Wyclef Jean
999|Do I Make You Proud|Taylor Hicks
1000|Promiscuous|Nelly Furtado featuring Timbaland
1001|London Bridge|Fergie
1002|SexyBack|Justin Timberlake
1003|Money Maker|Ludacris featuring Pharrell
1004|My Love|Justin Timberlake featuring T.I.
1005|I Wanna Love You|Akon featuring Snoop Dogg
1006|Irreplaceable|Beyoncé
1007|Irreplaceable|Beyoncé
1008|Say It Right|Nelly Furtado
1009|What Goes Around...Comes Around|Justin Timberlake
1010|This Is Why I'm Hot|Mims
1011|Glamorous|Fergie featuring Ludacris
1012|Don't Matter|Akon
1013|Give It to Me|Timbaland featuringNelly Furtado and Justin Timberlake
1014|Girlfriend|Avril Lavigne
1015|Makes Me Wonder|Maroon 5
1016|Buy U a Drank (Shawty Snappin')|T-Pain featuring Yung Joc
1017|Makes Me Wonder|Maroon 5
1018|Umbrella|Rihanna featuring Jay-Z
1019|Hey There Delilah|Plain White T's
1020|Beautiful Girls|Sean Kingston
1021|Big Girls Don't Cry|Fergie
1022|Crank That (Soulja Boy)|Soulja Boy Tell 'Em
1023|Stronger|Kanye West
1024|Crank That (Soulja Boy)|Soulja Boy Tell 'Em
1025|Kiss Kiss|Chris Brown featuring T-Pain
1026|No One|Alicia Keys
1027|Low|Flo Rida featuring T-Pain
1028|Love in This Club|Usher featuring Young Jeezy
1029|Bleeding Love|Leona Lewis
1030|Touch My Body|Mariah Carey
1031|Bleeding Love|Leona Lewis
1032|Lollipop|Lil Wayne featuring Static Major
1033|Bleeding Love|Leona Lewis
1034|Take a Bow|Rihanna
1035|Lollipop|Lil Wayne featuring Static Major
1036|Viva la Vida|Coldplay
1037|I Kissed a Girl|Katy Perry
1038|Disturbia|Rihanna
1039|Whatever You Like|T.I.
1040|So What|Pink
1041|Whatever You Like|T.I.
1042|Live Your Life|T.I. featuring Rihanna
1043|Womanizer|Britney Spears
1044|Whatever You Like|T.I.
1045|Live Your Life|T.I. featuring Rihanna
1046|Single Ladies (Put a Ring on It)|Beyoncé
1047|Live Your Life|T.I. featuring Rihanna
1048|Single Ladies (Put a Ring on It)|Beyoncé
1049|Single Ladies (Put a Ring on It)|Beyoncé
1050|Just Dance|Lady Gaga featuring Colby O'Donis
1051|My Life Would Suck Without You|Kelly Clarkson
1052|Crack a Bottle|Eminem, Dr. Dre and 50 Cent
1053|Right Round|Flo Rida
1054|Poker Face|Lady Gaga
1055|Boom Boom Pow|The Black Eyed Peas
1056|I Gotta Feeling|[62][63]
1057|Down|Jay Sean featuring Lil Wayne
1058|3|Britney Spears
1059|Down|Jay Sean featuring Lil Wayne
1060|Fireflies|Owl City
1061|Whatcha Say|Jason Derulo
1062|Fireflies|Owl City
1063|Empire State of Mind|Jay-Z and Alicia Keys
1064|Tik Tok|Kesha
1065|Imma Be|The Black Eyed Peas
1066|Break Your Heart|Taio Cruz featuring Ludacris
1067|Rude Boy|Rihanna
1068|Nothin' on You|B.o.B featuring Bruno Mars
1069|OMG|Usher featuring will.i.am
1070|Not Afraid|Eminem
1071|OMG|Usher featuring will.i.am
1072|California Gurls|Katy Perry featuring Snoop Dogg
1073|Love the Way You Lie|Eminem featuring Rihanna
1074|Teenage Dream|Katy Perry
1075|Just the Way You Are|Bruno Mars
1076|Like a G6|Far East Movement featuring The Cataracs and Dev
1077|We R Who We R|Kesha
1078|What's My Name?|Rihanna featuring Drake
1079|Like a G6|Far East Movement featuring The Cataracs and Dev
1080|Only Girl (In the World)|Rihanna
1081|Raise Your Glass|Pink
1082|Firework|Katy Perry
1083|Firework|Katy Perry
1084|Grenade|Bruno Mars
1085|Firework|Katy Perry
1086|Grenade|Bruno Mars
1087|Hold It Against Me|Britney Spears
1088|Grenade|Bruno Mars
1089|Black and Yellow|Wiz Khalifa
1090|Born This Way|Lady Gaga
1091|E.T.|Katy Perry featuring Kanye West
1092|S&M|Rihanna featuring Britney Spears
1093|E.T.|Katy Perry featuring Kanye West
1094|Rolling in the Deep|Adele
1095|Give Me Everything|Pitbull featuring Ne-Yo, Afrojack and Nayer
1096|Party Rock Anthem|LMFAO featuring Lauren Bennett and GoonRock
1097|Last Friday Night (T.G.I.F.)|Katy Perry
1098|Moves Like Jagger|Maroon 5 featuring Christina Aguilera
1099|Someone Like You|Adele
1100|Moves Like Jagger|Maroon 5 featuring Christina Aguilera
1101|Someone Like You|Adele
1102|We Found Love|Rihanna featuring Calvin Harris
1103|Sexy and I Know It|LMFAO
1104|We Found Love|Rihanna featuring Calvin Harris
1105|Set Fire to the Rain|Adele
1106|Stronger (What Doesn't Kill You)|Kelly Clarkson
1107|Part of Me|Katy Perry
1108|Stronger (What Doesn't Kill You)|Kelly Clarkson
1109|We Are Young|Fun featuring Janelle Monáe
1110|Somebody That I Used to Know|Gotye featuring Kimbra
1111|Call Me Maybe|Carly Rae Jepsen
1112|Whistle|Flo Rida
1113|We Are Never Ever Getting Back Together|Taylor Swift
1114|Whistle|Flo Rida
1115|We Are Never Ever Getting Back Together|Taylor Swift
1116|One More Night|Maroon 5
1117|Diamonds|Rihanna
1118|Locked Out of Heaven|Bruno Mars
1119|Locked Out of Heaven|Bruno Mars
1120|Thrift Shop [4]|Macklemore & Ryan Lewis featuring Wanz
1121|Harlem Shake|Baauer
1122|Thrift Shop [4]|Macklemore & Ryan Lewis featuring Wanz
1123|When I Was Your Man|Bruno Mars
1124|Just Give Me a Reason|Pink featuring Nate Ruess
1125|Can't Hold Us|Macklemore & Ryan Lewis featuring Ray Dalton
1126|Blurred Lines|Robin Thicke featuring T.I. and Pharrell
1127|Roar|Katy Perry
1128|Wrecking Ball|Miley Cyrus
1129|Royals|Lorde
1130|Wrecking Ball|Miley Cyrus
1131|The Monster|Eminem featuring Rihanna
1132|The Monster|Eminem featuring Rihanna
1133|Timber|Pitbull featuring Kesha
1134|Dark Horse|Katy Perry featuring Juicy J
1135|Happy [1]|Pharrell Williams
1136|All of Me|John Legend
1137|Fancy|Iggy Azalea featuring Charli XCX
1138|Rude|Magic!
1139|Shake It Off|Taylor Swift
1140|All About That Bass|Meghan Trainor
1141|Shake It Off|Taylor Swift
1142|Blank Space|[100][6]
1143|Blank Space|Taylor Swift
1144|Uptown Funk|Mark Ronson featuring Bruno Mars
1145|See You Again|Wiz Khalifa featuring Charlie Puth
1146|Bad Blood|Taylor Swift featuring Kendrick Lamar
1147|See You Again|Wiz Khalifa featuring Charlie Puth
1148|Cheerleader|Omi
1149|Can't Feel My Face|The Weeknd
1150|Cheerleader|Omi
1151|Can't Feel My Face|The Weeknd
1152|What Do You Mean?|Justin Bieber
1153|Can't Feel My Face|The Weeknd
1154|The Hills|[81][82]
1155|Hello|Adele
1156|Hello|Adele
1157|Sorry|Justin Bieber
1158|Love Yourself|[15][16]
1159|Pillowtalk|Zayn
1160|Love Yourself|Justin Bieber
1161|Work|Rihanna featuring Drake
1162|Panda|Desiigner
1163|One Dance|Drake featuring Wizkid and Kyla
1164|Can't Stop the Feeling!|Justin Timberlake
1165|One Dance|Drake featuring Wizkid and Kyla
1166|Cheap Thrills|Sia featuring Sean Paul
1167|Closer|The Chainsmokers featuring Halsey
1168|Black Beatles|Rae Sremmurd featuring Gucci Mane
1169|Starboy|The Weeknd featuring Daft Punk
1170|Black Beatles|Rae Sremmurd featuring Gucci Mane
1171|Bad and Boujee|Migos featuring Lil Uzi Vert
1172|Shape of You|Ed Sheeran
1173|Bad and Boujee|Migos featuring Lil Uzi Vert
1174|Shape of You|Ed Sheeran
1175|Humble|Kendrick Lamar
1176|That's What I Like|Bruno Mars
1177|I'm the One|DJ Khaled featuring Justin Bieber, Quavo, Chance the Rapper and Lil Wayne
1178|Despacito|Luis Fonsi and Daddy Yankee featuring Justin Bieber
1179|Look What You Made Me Do|Taylor Swift
1180|Bodak Yellow|Cardi B
1181|Rockstar|Post Malone featuring 21 Savage
1182|Perfect|Ed Sheeran and Beyoncé
1183|Perfect|Ed Sheeran and Beyoncé
1184|Havana|Camila Cabello featuring Young Thug
1185|God's Plan|Drake
1186|Nice for What|[34][35]
1187|This Is America|Childish Gambino
1188|Nice for What|Drake
1189|Psycho|Post Malone featuring Ty Dolla Sign
1190|Nice for What|Drake
1191|Sad!|XXXTentacion
1192|I Like It|Cardi B, Bad Bunny and J Balvin
1193|Nice for What|Drake
1194|In My Feelings|[60][61]
1195|Girls Like You|Maroon 5 featuring Cardi B
1196|Thank U, Next|Ariana Grande
1197|Sicko Mode|Travis Scott
1198|Thank U, Next|Ariana Grande
1199|Thank U, Next|Ariana Grande
1200|Without Me|Halsey
1201|Sunflower|Post Malone and Swae Lee
1202|Without Me|Halsey
1203|7 Rings|Ariana Grande
1204|Shallow|Lady Gaga and Bradley Cooper
1205|Sucker|Jonas Brothers
1206|7 Rings|Ariana Grande
1207|Old Town Road|Lil Nas X
1208|Bad Guy|Billie Eilish
1209|Señorita|Shawn Mendes and Camila Cabello
1210|Truth Hurts|Lizzo
1211|Highest in the Room|Travis Scott
1212|Truth Hurts|Lizzo
1213|Someone You Loved|Lewis Capaldi
1214|Lose You to Love Me|Selena Gomez
1215|Someone You Loved|Lewis Capaldi
1216|Circles|Post Malone
1217|Heartless|The Weeknd
1218|All I Want for Christmas Is You|Mariah Carey
1219|All I Want for Christmas Is You|Mariah Carey
1220|Circles|Post Malone
1221|The Box|Roddy Ricch
1222|Blinding Lights|The Weeknd
1223|Toosie Slide|Drake
1224|Blinding Lights|The Weeknd
1225|The Scotts|The Scotts,[a] Travis Scott and Kid Cudi
1226|Say So|Doja Cat featuring Nicki Minaj
1227|Stuck with U|Ariana Grande and Justin Bieber
1228|Savage|Megan Thee Stallion featuring Beyoncé
1229|Rain on Me|Lady Gaga and Ariana Grande
1230|Rockstar|DaBaby featuring Roddy Ricch
1231|Trollz|6ix9ine and Nicki Minaj
1232|Rockstar|DaBaby featuring Roddy Ricch
1233|Cardigan|Taylor Swift
1234|Watermelon Sugar|Harry Styles
1235|WAP|Cardi B featuring Megan Thee Stallion
1236|Dynamite|BTS
1237|WAP|Cardi B featuring Megan Thee Stallion
1238|Dynamite|BTS
1239|Franchise|Travis Scott featuring Young Thug and M.I.A.
1240|Savage Love (Laxed – Siren Beat)|Jawsh 685, Jason Derulo and BTS
1241|Mood|24kGoldn featuring Iann Dior
1242|Positions|Ariana Grande
1243|Mood|24kGoldn featuring Iann Dior
1244|Life Goes On|BTS
1245|Mood|24kGoldn featuring Iann Dior
1246|All I Want for Christmas Is You|Mariah Carey
1247|Willow|Taylor Swift
1248|All I Want for Christmas Is You|Mariah Carey
1249|Mood|24kGoldn featuring Iann Dior
1250|Drivers License|Olivia Rodrigo
1251|What's Next|Drake
1252|Up|Cardi B
1253|Peaches|Justin Bieber featuring Daniel Caesar and Giveon
1254|Montero (Call Me by Your Name)|Lil Nas X
1255|Leave the Door Open|Silk Sonic (Bruno Mars and Anderson .Paak)[note 1]
1256|Rapstar|Polo G
1257|Save Your Tears|The Weeknd and Ariana Grande
1258|Leave the Door Open|Silk Sonic (Bruno Mars and Anderson .Paak)
1259|Good 4 U|Olivia Rodrigo
1260|Butter|BTS
1261|Permission to Dance|[61][62]
1262|Butter|[63][64]
1263|Stay|The Kid Laroi and Justin Bieber
1264|Butter|BTS
1265|Way 2 Sexy|Drake featuring Future and Young Thug
1266|Stay|The Kid Laroi and Justin Bieber
1267|My Universe|Coldplay and BTS
1268|Stay|The Kid Laroi and Justin Bieber
1269|Industry Baby|Lil Nas X and Jack Harlow
1270|Easy on Me|Adele
1271|All Too Well (Taylor's Version)|Taylor Swift
1272|Easy on Me|Adele
1273|All I Want for Christmas Is You|Mariah Carey
1274|All I Want for Christmas Is You|Mariah Carey
1275|Easy on Me|Adele
1276|We Don't Talk About Bruno|Carolina Gaitán, Mauro Castillo, Adassa, Rhenzy Feliz,Diane Guerrero, Stephanie Beatriz and the Encanto cast
1277|Heat Waves|Glass Animals
1278|As It Was|Harry Styles
1279|First Class|Jack Harlow
1280|As It Was|Harry Styles
1281|Wait for U|Future featuring Drake and Tems
1282|First Class|Jack Harlow
1283|As It Was|Harry Styles
1284|Jimmy Cooks|Drake featuring 21 Savage
1285|As It Was|Harry Styles
1286|About Damn Time|Lizzo
1287|Break My Soul|Beyoncé
1288|Super Freaky Girl|Nicki Minaj
1289|As It Was|Harry Styles
1290|Bad Habit|Steve Lacy
